CicloLectivoDesCorta,IdAlumno,Anio
2023-2,100004235,2023
2023-2,100004239,2023
2023-2,100007911,2023
2023-2,100009753,2023
2023-2,100010081,2023
2023-2,100010186,2023
2023-2,100010212,2023
2023-2,100010396,2023
2023-2,100011191,2023
2023-2,100011253,2023
2023-2,100011542,2023
2023-2,100011563,2023
2023-2,100011634,2023
2023-2,100012481,2023
2023-2,100012563,2023
2023-2,100012794,2023
2023-2,100012878,2023
2023-2,100013014,2023
2023-2,100013141,2023
2023-2,100013267,2023
2023-2,100014106,2023
2023-2,100014115,2023
2023-2,100014331,2023
2023-2,100014462,2023
2023-2,100014670,2023
2023-2,100014672,2023
2023-2,100014699,2023
2023-2,100015184,2023
2023-2,100015344,2023
2023-2,100015416,2023
2023-2,100015457,2023
2023-2,100015608,2023
2023-2,100015954,2023
2023-2,100016323,2023
2023-2,100016426,2023
2023-2,100017037,2023
2023-2,100017399,2023
2023-2,100017706,2023
2023-2,100017710,2023
2023-2,100017760,2023
2023-2,100017886,2023
2023-2,100017897,2023
2023-2,100018623,2023
2023-2,100019238,2023
2023-2,100019601,2023
2023-2,100019704,2023
2023-2,100019709,2023
2023-2,100019786,2023
2023-2,100020187,2023
2023-2,100020254,2023
2023-2,100020372,2023
2023-2,100020814,2023
2023-2,100020950,2023
2023-2,100021091,2023
2023-2,100021145,2023
2023-2,100021732,2023
2023-2,100021739,2023
2023-2,100021786,2023
2023-2,100021887,2023
2023-2,100022272,2023
2023-2,100022302,2023
2023-2,100022413,2023
2023-2,100022525,2023
2023-2,100022817,2023
2023-2,100022961,2023
2023-2,100022980,2023
2023-2,100023246,2023
2023-2,100023349,2023
2023-2,100023499,2023
2023-2,100023641,2023
2023-2,100023834,2023
2023-2,100024052,2023
2023-2,100024123,2023
2023-2,100024145,2023
2023-2,100024178,2023
2023-2,100024539,2023
2023-2,100024725,2023
2023-2,100025426,2023
2023-2,100025458,2023
2023-2,100025749,2023
2023-2,100025967,2023
2023-2,100026252,2023
2023-2,100026342,2023
2023-2,100026830,2023
2023-2,100026914,2023
2023-2,100026970,2023
2023-2,100026975,2023
2023-2,100026996,2023
2023-2,100027053,2023
2023-2,100027083,2023
2023-2,100027140,2023
2023-2,100027277,2023
2023-2,100027442,2023
2023-2,100027486,2023
2023-2,100027509,2023
2023-2,100027594,2023
2023-2,100027633,2023
2023-2,100027669,2023
2023-2,100027678,2023
2023-2,100027750,2023
2023-2,100027756,2023
2023-2,100027929,2023
2023-2,100027998,2023
2023-2,100028040,2023
2023-2,100028294,2023
2023-2,100028295,2023
2023-2,100028326,2023
2023-2,100028414,2023
2023-2,100028473,2023
2023-2,100028476,2023
2023-2,100028515,2023
2023-2,100028667,2023
2023-2,100028698,2023
2023-2,100028753,2023
2023-2,100028809,2023
2023-2,100028810,2023
2023-2,100028983,2023
2023-2,100029102,2023
2023-2,100029135,2023
2023-2,100029232,2023
2023-2,100029233,2023
2023-2,100029240,2023
2023-2,100029370,2023
2023-2,100029377,2023
2023-2,100029452,2023
2023-2,100029510,2023
2023-2,100029579,2023
2023-2,100029587,2023
2023-2,100029593,2023
2023-2,100029615,2023
2023-2,100029683,2023
2023-2,100029688,2023
2023-2,100029740,2023
2023-2,100029759,2023
2023-2,100029841,2023
2023-2,100029949,2023
2023-2,100030124,2023
2023-2,100030131,2023
2023-2,100030145,2023
2023-2,100030176,2023
2023-2,100030297,2023
2023-2,100030345,2023
2023-2,100030405,2023
2023-2,100030533,2023
2023-2,100030619,2023
2023-2,100030682,2023
2023-2,100030745,2023
2023-2,100030775,2023
2023-2,100030803,2023
2023-2,100030869,2023
2023-2,100031110,2023
2023-2,100031112,2023
2023-2,100031132,2023
2023-2,100031133,2023
2023-2,100031135,2023
2023-2,100031200,2023
2023-2,100031213,2023
2023-2,100031235,2023
2023-2,100031362,2023
2023-2,100031401,2023
2023-2,100031503,2023
2023-2,100031525,2023
2023-2,100031637,2023
2023-2,100031652,2023
2023-2,100031680,2023
2023-2,100031702,2023
2023-2,100031771,2023
2023-2,100031823,2023
2023-2,100031855,2023
2023-2,100031869,2023
2023-2,100031949,2023
2023-2,100031969,2023
2023-2,100032008,2023
2023-2,100032057,2023
2023-2,100032143,2023
2023-2,100032154,2023
2023-2,100032182,2023
2023-2,100032291,2023
2023-2,100032323,2023
2023-2,100032338,2023
2023-2,100032389,2023
2023-2,100032419,2023
2023-2,100032422,2023
2023-2,100032424,2023
2023-2,100032429,2023
2023-2,100032466,2023
2023-2,100032477,2023
2023-2,100032506,2023
2023-2,100032531,2023
2023-2,100032543,2023
2023-2,100032688,2023
2023-2,100032703,2023
2023-2,100032711,2023
2023-2,100032759,2023
2023-2,100032783,2023
2023-2,100032787,2023
2023-2,100032790,2023
2023-2,100032843,2023
2023-2,100032870,2023
2023-2,100032907,2023
2023-2,100032912,2023
2023-2,100033067,2023
2023-2,100033079,2023
2023-2,100033353,2023
2023-2,100033438,2023
2023-2,100033447,2023
2023-2,100033466,2023
2023-2,100033478,2023
2023-2,100033486,2023
2023-2,100033531,2023
2023-2,100033567,2023
2023-2,100033624,2023
2023-2,100033648,2023
2023-2,100033689,2023
2023-2,100033704,2023
2023-2,100033805,2023
2023-2,100033835,2023
2023-2,100033906,2023
2023-2,100034007,2023
2023-2,100034023,2023
2023-2,100034147,2023
2023-2,100034149,2023
2023-2,100034183,2023
2023-2,100034187,2023
2023-2,100034438,2023
2023-2,100034529,2023
2023-2,100034816,2023
2023-2,100034818,2023
2023-2,100034848,2023
2023-2,100034849,2023
2023-2,100034852,2023
2023-2,100034875,2023
2023-2,100034925,2023
2023-2,100034982,2023
2023-2,100035027,2023
2023-2,100035033,2023
2023-2,100035114,2023
2023-2,100035140,2023
2023-2,100035154,2023
2023-2,100035184,2023
2023-2,100035286,2023
2023-2,100035343,2023
2023-2,100035412,2023
2023-2,100035456,2023
2023-2,100035470,2023
2023-2,100035476,2023
2023-2,100035479,2023
2023-2,100035480,2023
2023-2,100035491,2023
2023-2,100035515,2023
2023-2,100035607,2023
2023-2,100035611,2023
2023-2,100035643,2023
2023-2,100035813,2023
2023-2,100035937,2023
2023-2,100035944,2023
2023-2,100036119,2023
2023-2,100036167,2023
2023-2,100036175,2023
2023-2,100036192,2023
2023-2,100036215,2023
2023-2,100036245,2023
2023-2,100036273,2023
2023-2,100036308,2023
2023-2,100036343,2023
2023-2,100036388,2023
2023-2,100036409,2023
2023-2,100036451,2023
2023-2,100036536,2023
2023-2,100036559,2023
2023-2,100036585,2023
2023-2,100036705,2023
2023-2,100036808,2023
2023-2,100036847,2023
2023-2,100036962,2023
2023-2,100037022,2023
2023-2,100037056,2023
2023-2,100037154,2023
2023-2,100037209,2023
2023-2,100037273,2023
2023-2,100037283,2023
2023-2,100037329,2023
2023-2,100037336,2023
2023-2,100037340,2023
2023-2,100037403,2023
2023-2,100037445,2023
2023-2,100037575,2023
2023-2,100037629,2023
2023-2,100037732,2023
2023-2,100037827,2023
2023-2,100037843,2023
2023-2,100037924,2023
2023-2,100038006,2023
2023-2,100038086,2023
2023-2,100038194,2023
2023-2,100038282,2023
2023-2,100038291,2023
2023-2,100038477,2023
2023-2,100038543,2023
2023-2,100038557,2023
2023-2,100038582,2023
2023-2,100038626,2023
2023-2,100038776,2023
2023-2,100038777,2023
2023-2,100038781,2023
2023-2,100038813,2023
2023-2,100038948,2023
2023-2,100038978,2023
2023-2,100038985,2023
2023-2,100039069,2023
2023-2,100039100,2023
2023-2,100039156,2023
2023-2,100039234,2023
2023-2,100039242,2023
2023-2,100039290,2023
2023-2,100039310,2023
2023-2,100039336,2023
2023-2,100039435,2023
2023-2,100039463,2023
2023-2,100039552,2023
2023-2,100039739,2023
2023-2,100039745,2023
2023-2,100039766,2023
2023-2,100039786,2023
2023-2,100039804,2023
2023-2,100039808,2023
2023-2,100039818,2023
2023-2,100039839,2023
2023-2,100039867,2023
2023-2,100039918,2023
2023-2,100039930,2023
2023-2,100039940,2023
2023-2,100039957,2023
2023-2,100040005,2023
2023-2,100040018,2023
2023-2,100040057,2023
2023-2,100040088,2023
2023-2,100040089,2023
2023-2,100040096,2023
2023-2,100040115,2023
2023-2,100040134,2023
2023-2,100040143,2023
2023-2,100040145,2023
2023-2,100040148,2023
2023-2,100040191,2023
2023-2,100040201,2023
2023-2,100040225,2023
2023-2,100040231,2023
2023-2,100040233,2023
2023-2,100040285,2023
2023-2,100040288,2023
2023-2,100040379,2023
2023-2,100040394,2023
2023-2,100040404,2023
2023-2,100040405,2023
2023-2,100040407,2023
2023-2,100040458,2023
2023-2,100040472,2023
2023-2,100040553,2023
2023-2,100040567,2023
2023-2,100040593,2023
2023-2,100040608,2023
2023-2,100040621,2023
2023-2,100040649,2023
2023-2,100040683,2023
2023-2,100040685,2023
2023-2,100040718,2023
2023-2,100040781,2023
2023-2,100040813,2023
2023-2,100040829,2023
2023-2,100040880,2023
2023-2,100040884,2023
2023-2,100041050,2023
2023-2,100041114,2023
2023-2,100041134,2023
2023-2,100041234,2023
2023-2,100041339,2023
2023-2,100041368,2023
2023-2,100041372,2023
2023-2,100041397,2023
2023-2,100041412,2023
2023-2,100041414,2023
2023-2,100041427,2023
2023-2,100041436,2023
2023-2,100041441,2023
2023-2,100041621,2023
2023-2,100041747,2023
2023-2,100041755,2023
2023-2,100041777,2023
2023-2,100041814,2023
2023-2,100041880,2023
2023-2,100041881,2023
2023-2,100041931,2023
2023-2,100041933,2023
2023-2,100041948,2023
2023-2,100041962,2023
2023-2,100042045,2023
2023-2,100042102,2023
2023-2,100042203,2023
2023-2,100042214,2023
2023-2,100042216,2023
2023-2,100042222,2023
2023-2,100042296,2023
2023-2,100042301,2023
2023-2,100042305,2023
2023-2,100042323,2023
2023-2,100042364,2023
2023-2,100042386,2023
2023-2,100042632,2023
2023-2,100042681,2023
2023-2,100042702,2023
2023-2,100042743,2023
2023-2,100042829,2023
2023-2,100042834,2023
2023-2,100042860,2023
2023-2,100042883,2023
2023-2,100042886,2023
2023-2,100042937,2023
2023-2,100042970,2023
2023-2,100042999,2023
2023-2,100043001,2023
2023-2,100043044,2023
2023-2,100043158,2023
2023-2,100043280,2023
2023-2,100043461,2023
2023-2,100043467,2023
2023-2,100043494,2023
2023-2,100043591,2023
2023-2,100043598,2023
2023-2,100043628,2023
2023-2,100043633,2023
2023-2,100043670,2023
2023-2,100043723,2023
2023-2,100043837,2023
2023-2,100043885,2023
2023-2,100043953,2023
2023-2,100044002,2023
2023-2,100044039,2023
2023-2,100044171,2023
2023-2,100044270,2023
2023-2,100044364,2023
2023-2,100044368,2023
2023-2,100044436,2023
2023-2,100044602,2023
2023-2,100044635,2023
2023-2,100044644,2023
2023-2,100044657,2023
2023-2,100044661,2023
2023-2,100044672,2023
2023-2,100044709,2023
2023-2,100044713,2023
2023-2,100044716,2023
2023-2,100044757,2023
2023-2,100044765,2023
2023-2,100044858,2023
2023-2,100044884,2023
2023-2,100044889,2023
2023-2,100044894,2023
2023-2,100044941,2023
2023-2,100044949,2023
2023-2,100044968,2023
2023-2,100045024,2023
2023-2,100045158,2023
2023-2,100045233,2023
2023-2,100045246,2023
2023-2,100045248,2023
2023-2,100045269,2023
2023-2,100045281,2023
2023-2,100045292,2023
2023-2,100045440,2023
2023-2,100045485,2023
2023-2,100045510,2023
2023-2,100045551,2023
2023-2,100045707,2023
2023-2,100045712,2023
2023-2,100045748,2023
2023-2,100045756,2023
2023-2,100045775,2023
2023-2,100045827,2023
2023-2,100045877,2023
2023-2,100045895,2023
2023-2,100045996,2023
2023-2,100046022,2023
2023-2,100046031,2023
2023-2,100046054,2023
2023-2,100046106,2023
2023-2,100046146,2023
2023-2,100046157,2023
2023-2,100046202,2023
2023-2,100046276,2023
2023-2,100046277,2023
2023-2,100046301,2023
2023-2,100046320,2023
2023-2,100046347,2023
2023-2,100046370,2023
2023-2,100046385,2023
2023-2,100046408,2023
2023-2,100046409,2023
2023-2,100046425,2023
2023-2,100046484,2023
2023-2,100046521,2023
2023-2,100046524,2023
2023-2,100046597,2023
2023-2,100046601,2023
2023-2,100046603,2023
2023-2,100046657,2023
2023-2,100046713,2023
2023-2,100046733,2023
2023-2,100046839,2023
2023-2,100046857,2023
2023-2,100046865,2023
2023-2,100046871,2023
2023-2,100046948,2023
2023-2,100047051,2023
2023-2,100047067,2023
2023-2,100047094,2023
2023-2,100047119,2023
2023-2,100047204,2023
2023-2,100047327,2023
2023-2,100047375,2023
2023-2,100047401,2023
2023-2,100047433,2023
2023-2,100047552,2023
2023-2,100047675,2023
2023-2,100047785,2023
2023-2,100047896,2023
2023-2,100047903,2023
2023-2,100047923,2023
2023-2,100048025,2023
2023-2,100048090,2023
2023-2,100048120,2023
2023-2,100048253,2023
2023-2,100048328,2023
2023-2,100048385,2023
2023-2,100048416,2023
2023-2,100048445,2023
2023-2,100048537,2023
2023-2,100048565,2023
2023-2,100048642,2023
2023-2,100048762,2023
2023-2,100048930,2023
2023-2,100049020,2023
2023-2,100049023,2023
2023-2,100049035,2023
2023-2,100049054,2023
2023-2,100049065,2023
2023-2,100049070,2023
2023-2,100049102,2023
2023-2,100049134,2023
2023-2,100049227,2023
2023-2,100049262,2023
2023-2,100049301,2023
2023-2,100049326,2023
2023-2,100049413,2023
2023-2,100049497,2023
2023-2,100049552,2023
2023-2,100049557,2023
2023-2,100049705,2023
2023-2,100049707,2023
2023-2,100049710,2023
2023-2,100049716,2023
2023-2,100049872,2023
2023-2,100050077,2023
2023-2,100050138,2023
2023-2,100050150,2023
2023-2,100050161,2023
2023-2,100050194,2023
2023-2,100050285,2023
2023-2,100050338,2023
2023-2,100050347,2023
2023-2,100050379,2023
2023-2,100050456,2023
2023-2,100050483,2023
2023-2,100050611,2023
2023-2,100050652,2023
2023-2,100050718,2023
2023-2,100050872,2023
2023-2,100050894,2023
2023-2,100051051,2023
2023-2,100051087,2023
2023-2,100051249,2023
2023-2,100051317,2023
2023-2,100051518,2023
2023-2,100051558,2023
2023-2,100051561,2023
2023-2,100051653,2023
2023-2,100051752,2023
2023-2,100051806,2023
2023-2,100051810,2023
2023-2,100051818,2023
2023-2,100051845,2023
2023-2,100051860,2023
2023-2,100051863,2023
2023-2,100051939,2023
2023-2,100051953,2023
2023-2,100051989,2023
2023-2,100052158,2023
2023-2,100052163,2023
2023-2,100052173,2023
2023-2,100052177,2023
2023-2,100052201,2023
2023-2,100052206,2023
2023-2,100052208,2023
2023-2,100052240,2023
2023-2,100052260,2023
2023-2,100052294,2023
2023-2,100052306,2023
2023-2,100052352,2023
2023-2,100052353,2023
2023-2,100052403,2023
2023-2,100052405,2023
2023-2,100052528,2023
2023-2,100052571,2023
2023-2,100052615,2023
2023-2,100052672,2023
2023-2,100052675,2023
2023-2,100052679,2023
2023-2,100052779,2023
2023-2,100052827,2023
2023-2,100052849,2023
2023-2,100052859,2023
2023-2,100052892,2023
2023-2,100052912,2023
2023-2,100052921,2023
2023-2,100052953,2023
2023-2,100052985,2023
2023-2,100052991,2023
2023-2,100052994,2023
2023-2,100053832,2023
2023-2,100053842,2023
2023-2,100053851,2023
2023-2,100054071,2023
2023-2,100054094,2023
2023-2,100054105,2023
2023-2,100054106,2023
2023-2,100054227,2023
2023-2,100054342,2023
2023-2,100054375,2023
2023-2,100054413,2023
2023-2,100054501,2023
2023-2,100054506,2023
2023-2,100054598,2023
2023-2,100054599,2023
2023-2,100054607,2023
2023-2,100054610,2023
2023-2,100054656,2023
2023-2,100054657,2023
2023-2,100054669,2023
2023-2,100054681,2023
2023-2,100054747,2023
2023-2,100054918,2023
2023-2,100054951,2023
2023-2,100055044,2023
2023-2,100055322,2023
2023-2,100055327,2023
2023-2,100055340,2023
2023-2,100055365,2023
2023-2,100055388,2023
2023-2,100055391,2023
2023-2,100055418,2023
2023-2,100055421,2023
2023-2,100055459,2023
2023-2,100055477,2023
2023-2,100055534,2023
2023-2,100055538,2023
2023-2,100055578,2023
2023-2,100055601,2023
2023-2,100055602,2023
2023-2,100055620,2023
2023-2,100055682,2023
2023-2,100055685,2023
2023-2,100055719,2023
2023-2,100055728,2023
2023-2,100055738,2023
2023-2,100055744,2023
2023-2,100055809,2023
2023-2,100055869,2023
2023-2,100055918,2023
2023-2,100055934,2023
2023-2,100055957,2023
2023-2,100057382,2023
2023-2,100057912,2023
2023-2,100058041,2023
2023-2,100058099,2023
2023-2,100058105,2023
2023-2,100058111,2023
2023-2,100058128,2023
2023-2,100058174,2023
2023-2,100058203,2023
2023-2,100058206,2023
2023-2,100058208,2023
2023-2,100058226,2023
2023-2,100058232,2023
2023-2,100058242,2023
2023-2,100058248,2023
2023-2,100058254,2023
2023-2,100058277,2023
2023-2,100058286,2023
2023-2,100058303,2023
2023-2,100058333,2023
2023-2,100058335,2023
2023-2,100058351,2023
2023-2,100058355,2023
2023-2,100058385,2023
2023-2,100058388,2023
2023-2,100058396,2023
2023-2,100058398,2023
2023-2,100058400,2023
2023-2,100058418,2023
2023-2,100058420,2023
2023-2,100058422,2023
2023-2,100058447,2023
2023-2,100058451,2023
2023-2,100058453,2023
2023-2,100058457,2023
2023-2,100058458,2023
2023-2,100058494,2023
2023-2,100058495,2023
2023-2,100058497,2023
2023-2,100058499,2023
2023-2,100058516,2023
2023-2,100058524,2023
2023-2,100058535,2023
2023-2,100058544,2023
2023-2,100058546,2023
2023-2,100058600,2023
2023-2,100059163,2023
2023-2,100059601,2023
2023-2,100059609,2023
2023-2,100059611,2023
2023-2,100059629,2023
2023-2,100059660,2023
2023-2,100059709,2023
2023-2,100059772,2023
2023-2,100059858,2023
2023-2,100059868,2023
2023-2,100060253,2023
2023-2,100060392,2023
2023-2,100060843,2023
2023-2,100061019,2023
2023-2,100061068,2023
2023-2,100061079,2023
2023-2,100061083,2023
2023-2,100061088,2023
2023-2,100061092,2023
2023-2,100061097,2023
2023-2,100061099,2023
2023-2,100061100,2023
2023-2,100061113,2023
2023-2,100061133,2023
2023-2,100061142,2023
2023-2,100061151,2023
2023-2,100061156,2023
2023-2,100061196,2023
2023-2,100061199,2023
2023-2,100061232,2023
2023-2,100061235,2023
2023-2,100061243,2023
2023-2,100061245,2023
2023-2,100061248,2023
2023-2,100061298,2023
2023-2,100061299,2023
2023-2,100061325,2023
2023-2,100061356,2023
2023-2,100061363,2023
2023-2,100061424,2023
2023-2,100061432,2023
2023-2,100061475,2023
2023-2,100061505,2023
2023-2,100061509,2023
2023-2,100061564,2023
2023-2,100061682,2023
2023-2,100061993,2023
2023-2,100062090,2023
2023-2,100062284,2023
2023-2,100062358,2023
2023-2,100062385,2023
2023-2,100062433,2023
2023-2,100062483,2023
2023-2,100062566,2023
2023-2,100062876,2023
2023-2,100062932,2023
2023-2,100062993,2023
2023-2,100063055,2023
2023-2,100063104,2023
2023-2,100063133,2023
2023-2,100063165,2023
2023-2,100063252,2023
2023-2,100063335,2023
2023-2,100063638,2023
2023-2,100063792,2023
2023-2,100063803,2023
2023-2,100063912,2023
2023-2,100063929,2023
2023-2,100064009,2023
2023-2,100064036,2023
2023-2,100064063,2023
2023-2,100064076,2023
2023-2,100064083,2023
2023-2,100064092,2023
2023-2,100064134,2023
2023-2,100064303,2023
2023-2,100064316,2023
2023-2,100064626,2023
2023-2,100064658,2023
2023-2,100064666,2023
2023-2,100064733,2023
2023-2,100064853,2023
2023-2,100064876,2023
2023-2,100065073,2023
2023-2,100065356,2023
2023-2,100065359,2023
2023-2,100065362,2023
2023-2,100065371,2023
2023-2,100065497,2023
2023-2,100065784,2023
2023-2,100065825,2023
2023-2,100065852,2023
2023-2,100065872,2023
2023-2,100065892,2023
2023-2,100066186,2023
2023-2,100066221,2023
2023-2,100066229,2023
2023-2,100066236,2023
2023-2,100066294,2023
2023-2,100066382,2023
2023-2,100066655,2023
2023-2,100066715,2023
2023-2,100066723,2023
2023-2,100066726,2023
2023-2,100066759,2023
2023-2,100066790,2023
2023-2,100066805,2023
2023-2,100066818,2023
2023-2,100066828,2023
2023-2,100066834,2023
2023-2,100066865,2023
2023-2,100066889,2023
2023-2,100066912,2023
2023-2,100067006,2023
2023-2,100067105,2023
2023-2,100067727,2023
2023-2,100067739,2023
2023-2,100067753,2023
2023-2,100067763,2023
2023-2,100067777,2023
2023-2,100067997,2023
2023-2,100068069,2023
2023-2,100068092,2023
2023-2,100068111,2023
2023-2,100068219,2023
2023-2,100068245,2023
2023-2,100068666,2023
2023-2,100068671,2023
2023-2,100068773,2023
2023-2,100068829,2023
2023-2,100069101,2023
2023-2,100069191,2023
2023-2,100069351,2023
2023-2,100069387,2023
2023-2,100069492,2023
2023-2,100069499,2023
2023-2,100069525,2023
2023-2,100069545,2023
2023-2,100069595,2023
2023-2,100069599,2023
2023-2,100069648,2023
2023-2,100069670,2023
2023-2,100069682,2023
2023-2,100069765,2023
2023-2,100069775,2023
2023-2,100069800,2023
2023-2,100069807,2023
2023-2,100069879,2023
2023-2,100069932,2023
2023-2,100070001,2023
2023-2,100070088,2023
2023-2,100070093,2023
2023-2,100070204,2023
2023-2,100070322,2023
2023-2,100070333,2023
2023-2,100070355,2023
2023-2,100070366,2023
2023-2,100070387,2023
2023-2,100070389,2023
2023-2,100070575,2023
2023-2,100070579,2023
2023-2,100070657,2023
2023-2,100070670,2023
2023-2,100070712,2023
2023-2,100070846,2023
2023-2,100071192,2023
2023-2,100071200,2023
2023-2,100071203,2023
2023-2,100071255,2023
2023-2,100071261,2023
2023-2,100071273,2023
2023-2,100071274,2023
2023-2,100071281,2023
2023-2,100071285,2023
2023-2,100071286,2023
2023-2,100071288,2023
2023-2,100071294,2023
2023-2,100071298,2023
2023-2,100071300,2023
2023-2,100071306,2023
2023-2,100071311,2023
2023-2,100071312,2023
2023-2,100071317,2023
2023-2,100071350,2023
2023-2,100071362,2023
2023-2,100071365,2023
2023-2,100071366,2023
2023-2,100071370,2023
2023-2,100071374,2023
2023-2,100071377,2023
2023-2,100071381,2023
2023-2,100071395,2023
2023-2,100071404,2023
2023-2,100071411,2023
2023-2,100071457,2023
2023-2,100071459,2023
2023-2,100071465,2023
2023-2,100071475,2023
2023-2,100071480,2023
2023-2,100071485,2023
2023-2,100071488,2023
2023-2,100071499,2023
2023-2,100071500,2023
2023-2,100071509,2023
2023-2,100071523,2023
2023-2,100071525,2023
2023-2,100071526,2023
2023-2,100071529,2023
2023-2,100071530,2023
2023-2,100071546,2023
2023-2,100071581,2023
2023-2,100071620,2023
2023-2,100071649,2023
2023-2,100071654,2023
2023-2,100071655,2023
2023-2,100071657,2023
2023-2,100071658,2023
2023-2,100071662,2023
2023-2,100071673,2023
2023-2,100071678,2023
2023-2,100071679,2023
2023-2,100071681,2023
2023-2,100071683,2023
2023-2,100071688,2023
2023-2,100071689,2023
2023-2,100071692,2023
2023-2,100071693,2023
2023-2,100071701,2023
2023-2,100071704,2023
2023-2,100071710,2023
2023-2,100071711,2023
2023-2,100071799,2023
2023-2,100071818,2023
2023-2,100071822,2023
2023-2,100071836,2023
2023-2,100071842,2023
2023-2,100071855,2023
2023-2,100071865,2023
2023-2,100071867,2023
2023-2,100071877,2023
2023-2,100071878,2023
2023-2,100071896,2023
2023-2,100071915,2023
2023-2,100071919,2023
2023-2,100071946,2023
2023-2,100071960,2023
2023-2,100071965,2023
2023-2,100071970,2023
2023-2,100071996,2023
2023-2,100072012,2023
2023-2,100072035,2023
2023-2,100072047,2023
2023-2,100072100,2023
2023-2,100072103,2023
2023-2,100072104,2023
2023-2,100072117,2023
2023-2,100072118,2023
2023-2,100072119,2023
2023-2,100072144,2023
2023-2,100072148,2023
2023-2,100072165,2023
2023-2,100072224,2023
2023-2,100072238,2023
2023-2,100072292,2023
2023-2,100072297,2023
2023-2,100072308,2023
2023-2,100072335,2023
2023-2,100072377,2023
2023-2,100072406,2023
2023-2,100072470,2023
2023-2,100072513,2023
2023-2,100072524,2023
2023-2,100072587,2023
2023-2,100072601,2023
2023-2,100072711,2023
2023-2,100072714,2023
2023-2,100072809,2023
2023-2,100072874,2023
2023-2,100072923,2023
2023-2,100072941,2023
2023-2,100072950,2023
2023-2,100072963,2023
2023-2,100072986,2023
2023-2,100073031,2023
2023-2,100073080,2023
2023-2,100073085,2023
2023-2,100073095,2023
2023-2,100073148,2023
2023-2,100073234,2023
2023-2,100073239,2023
2023-2,100073272,2023
2023-2,100073390,2023
2023-2,100073467,2023
2023-2,100073479,2023
2023-2,100073514,2023
2023-2,100073544,2023
2023-2,100073547,2023
2023-2,100073550,2023
2023-2,100073639,2023
2023-2,100073659,2023
2023-2,100073703,2023
2023-2,100073795,2023
2023-2,100073829,2023
2023-2,100073844,2023
2023-2,100073866,2023
2023-2,100074030,2023
2023-2,100074044,2023
2023-2,100074056,2023
2023-2,100074101,2023
2023-2,100074115,2023
2023-2,100074139,2023
2023-2,100074184,2023
2023-2,100074219,2023
2023-2,100074235,2023
2023-2,100074265,2023
2023-2,100074285,2023
2023-2,100074315,2023
2023-2,100074319,2023
2023-2,100074331,2023
2023-2,100074341,2023
2023-2,100074342,2023
2023-2,100074343,2023
2023-2,100074345,2023
2023-2,100074359,2023
2023-2,100074364,2023
2023-2,100074373,2023
2023-2,100074380,2023
2023-2,100074456,2023
2023-2,100074459,2023
2023-2,100074464,2023
2023-2,100074539,2023
2023-2,100074561,2023
2023-2,100074576,2023
2023-2,100074721,2023
2023-2,100074848,2023
2023-2,100074870,2023
2023-2,100074883,2023
2023-2,100074884,2023
2023-2,100074932,2023
2023-2,100074935,2023
2023-2,100074944,2023
2023-2,100074949,2023
2023-2,100074956,2023
2023-2,100074990,2023
2023-2,100075046,2023
2023-2,100075091,2023
2023-2,100075142,2023
2023-2,100075156,2023
2023-2,100075177,2023
2023-2,100075256,2023
2023-2,100075260,2023
2023-2,100075289,2023
2023-2,100075298,2023
2023-2,100075300,2023
2023-2,100075309,2023
2023-2,100075323,2023
2023-2,100075346,2023
2023-2,100075349,2023
2023-2,100075352,2023
2023-2,100075377,2023
2023-2,100075381,2023
2023-2,100075394,2023
2023-2,100075423,2023
2023-2,100075437,2023
2023-2,100075465,2023
2023-2,100075468,2023
2023-2,100075476,2023
2023-2,100075527,2023
2023-2,100075528,2023
2023-2,100075570,2023
2023-2,100075686,2023
2023-2,100075720,2023
2023-2,100075729,2023
2023-2,100075740,2023
2023-2,100075868,2023
2023-2,100075887,2023
2023-2,100075946,2023
2023-2,100076121,2023
2023-2,100076149,2023
2023-2,100076203,2023
2023-2,100076263,2023
2023-2,100076457,2023
2023-2,100076463,2023
2023-2,100076491,2023
2023-2,100076685,2023
2023-2,100076991,2023
2023-2,100077226,2023
2023-2,100077311,2023
2023-2,100077585,2023
2023-2,100077663,2023
2023-2,100077664,2023
2023-2,100077701,2023
2023-2,100078718,2023
2023-2,100078851,2023
2023-2,100078854,2023
2023-2,100078877,2023
2023-2,100078910,2023
2023-2,100078927,2023
2023-2,100078970,2023
2023-2,100078984,2023
2023-2,100079304,2023
2023-2,100079379,2023
2023-2,100079457,2023
2023-2,100079468,2023
2023-2,100079555,2023
2023-2,100079843,2023
2023-2,100080023,2023
2023-2,100080480,2023
2023-2,100080486,2023
2023-2,100080652,2023
2023-2,100080653,2023
2023-2,100080804,2023
2023-2,100081191,2023
2023-2,100081258,2023
2023-2,100081264,2023
2023-2,100081293,2023
2023-2,100081341,2023
2023-2,100081580,2023
2023-2,100081997,2023
2023-2,100082012,2023
2023-2,100082068,2023
2023-2,100082071,2023
2023-2,100082120,2023
2023-2,100082147,2023
2023-2,100082300,2023
2023-2,100082361,2023
2023-2,100082425,2023
2023-2,100082450,2023
2023-2,100082453,2023
2023-2,100082463,2023
2023-2,100082485,2023
2023-2,100082600,2023
2023-2,100082696,2023
2023-2,100082701,2023
2023-2,100082705,2023
2023-2,100082763,2023
2023-2,100082856,2023
2023-2,100082969,2023
2023-2,100083077,2023
2023-2,100083154,2023
2023-2,100083239,2023
2023-2,100083428,2023
2023-2,100083430,2023
2023-2,100083450,2023
2023-2,100083516,2023
2023-2,100083556,2023
2023-2,100083612,2023
2023-2,100083649,2023
2023-2,100083673,2023
2023-2,100083752,2023
2023-2,100083946,2023
2023-2,100083953,2023
2023-2,100083964,2023
2023-2,100084028,2023
2023-2,100084048,2023
2023-2,100084199,2023
2023-2,100084521,2023
2023-2,100084715,2023
2023-2,100084779,2023
2023-2,100084787,2023
2023-2,100085299,2023
2023-2,100085365,2023
2023-2,100085617,2023
2023-2,100085665,2023
2023-2,100085684,2023
2023-2,100085878,2023
2023-2,100086240,2023
2023-2,100086433,2023
2023-2,100086488,2023
2023-2,100086494,2023
2023-2,100086507,2023
2023-2,100086541,2023
2023-2,100086795,2023
2023-2,100086798,2023
2023-2,100086884,2023
2023-2,100086958,2023
2023-2,100086971,2023
2023-2,100087130,2023
2023-2,100087169,2023
2023-2,100087194,2023
2023-2,100087501,2023
2023-2,100087557,2023
2023-2,100087562,2023
2023-2,100087582,2023
2023-2,100087599,2023
2023-2,100087693,2023
2023-2,100087697,2023
2023-2,100087823,2023
2023-2,100087826,2023
2023-2,100087992,2023
2023-2,100088002,2023
2023-2,100088020,2023
2023-2,100088051,2023
2023-2,100088096,2023
2023-2,100088128,2023
2023-2,100088268,2023
2023-2,100088332,2023
2023-2,100088373,2023
2023-2,100088392,2023
2023-2,100088424,2023
2023-2,100088481,2023
2023-2,100088497,2023
2023-2,100088570,2023
2023-2,100088649,2023
2023-2,100088676,2023
2023-2,100088868,2023
2023-2,100088957,2023
2023-2,100088998,2023
2023-2,100089086,2023
2023-2,100089134,2023
2023-2,100089185,2023
2023-2,100089200,2023
2023-2,100089203,2023
2023-2,100089204,2023
2023-2,100089210,2023
2023-2,100089237,2023
2023-2,100089307,2023
2023-2,100089333,2023
2023-2,100089345,2023
2023-2,100089458,2023
2023-2,100089543,2023
2023-2,100089619,2023
2023-2,100089675,2023
2023-2,100089761,2023
2023-2,100089780,2023
2023-2,100089870,2023
2023-2,100089875,2023
2023-2,100089929,2023
2023-2,100089990,2023
2023-2,100090013,2023
2023-2,100090074,2023
2023-2,100090378,2023
2023-2,100090427,2023
2023-2,100090484,2023
2023-2,100090549,2023
2023-2,100090560,2023
2023-2,100090597,2023
2023-2,100090655,2023
2023-2,100090714,2023
2023-2,100090752,2023
2023-2,100090982,2023
2023-2,100091361,2023
2023-2,100091415,2023
2023-2,100091429,2023
2023-2,100091482,2023
2023-2,100091616,2023
2023-2,100091621,2023
2023-2,100091884,2023
2023-2,100092228,2023
2023-2,100092246,2023
2023-2,100092276,2023
2023-2,100092282,2023
2023-2,100092316,2023
2023-2,100092493,2023
2023-2,100092558,2023
2023-2,100092768,2023
2023-2,100093122,2023
2023-2,100093229,2023
2023-2,100093397,2023
2023-2,100093426,2023
2023-2,100093549,2023
2023-2,100093593,2023
2023-2,100093594,2023
2023-2,100093607,2023
2023-2,100093690,2023
2023-2,100093878,2023
2023-2,100094126,2023
2023-2,100094335,2023
2023-2,100094401,2023
2023-2,100094410,2023
2023-2,100094420,2023
2023-2,100094644,2023
2023-2,100094664,2023
2023-2,100094777,2023
2023-2,100094908,2023
2023-2,100094911,2023
2023-2,100095005,2023
2023-2,100095115,2023
2023-2,100095126,2023
2023-2,100095273,2023
2023-2,100095290,2023
2023-2,100095368,2023
2023-2,100095394,2023
2023-2,100095407,2023
2023-2,100095416,2023
2023-2,100095464,2023
2023-2,100095668,2023
2023-2,100095984,2023
2023-2,100096081,2023
2023-2,100096109,2023
2023-2,100096125,2023
2023-2,100096137,2023
2023-2,100096200,2023
2023-2,100096228,2023
2023-2,100096256,2023
2023-2,100096259,2023
2023-2,100096262,2023
2023-2,100096280,2023
2023-2,100096364,2023
2023-2,100096377,2023
2023-2,100096387,2023
2023-2,100096447,2023
2023-2,100096543,2023
2023-2,100096567,2023
2023-2,100096736,2023
2023-2,100096767,2023
2023-2,100096853,2023
2023-2,100096894,2023
2023-2,100096952,2023
2023-2,100096965,2023
2023-2,100096990,2023
2023-2,100097111,2023
2023-2,100097150,2023
2023-2,100097167,2023
2023-2,100097235,2023
2023-2,100097236,2023
2023-2,100097331,2023
2023-2,100097386,2023
2023-2,100097443,2023
2023-2,100097679,2023
2023-2,100097911,2023
2023-2,100097912,2023
2023-2,100098003,2023
2023-2,100098144,2023
2023-2,100098169,2023
2023-2,100098429,2023
2023-2,100098690,2023
2023-2,100098697,2023
2023-2,100098807,2023
2023-2,100098810,2023
2023-2,100098839,2023
2023-2,100099041,2023
2023-2,100099050,2023
2023-2,100099083,2023
2023-2,100099093,2023
2023-2,100099106,2023
2023-2,100099120,2023
2023-2,100099216,2023
2023-2,100099222,2023
2023-2,100099364,2023
2023-2,100099856,2023
2023-2,100099917,2023
2023-2,100100533,2023
2023-2,100100534,2023
2023-2,100100612,2023
2023-2,100100768,2023
2023-2,100100966,2023
2023-2,100101708,2023
2023-2,100101777,2023
2023-2,100101780,2023
2023-2,100101887,2023
2023-2,100101895,2023
2023-2,100101965,2023
2023-2,100102212,2023
2023-2,100102261,2023
2023-2,100102271,2023
2023-2,100102272,2023
2023-2,100102371,2023
2023-2,100102373,2023
2023-2,100102433,2023
2023-2,100102447,2023
2023-2,100102645,2023
2023-2,100102906,2023
2023-2,100103017,2023
2023-2,100103028,2023
2023-2,100103121,2023
2023-2,100103126,2023
2023-2,100103148,2023
2023-2,100103157,2023
2023-2,100103173,2023
2023-2,100103197,2023
2023-2,100103275,2023
2023-2,100103329,2023
2023-2,100103376,2023
2023-2,100103395,2023
2023-2,100103461,2023
2023-2,100103559,2023
2023-2,100103586,2023
2023-2,100103745,2023
2023-2,100103756,2023
2023-2,100103823,2023
2023-2,100103828,2023
2023-2,100103829,2023
2023-2,100103837,2023
2023-2,100103862,2023
2023-2,100103960,2023
2023-2,100104289,2023
2023-2,100104458,2023
2023-2,100104489,2023
2023-2,100104647,2023
2023-2,100105244,2023
2023-2,100105310,2023
2023-2,100105971,2023
2023-2,100105974,2023
2023-2,100106858,2023
2023-2,100108017,2023
2023-2,100108045,2023
2023-2,100108084,2023
2023-2,100108154,2023
2023-2,100108190,2023
2023-2,100108210,2023
2023-2,100108398,2023
2023-2,100108410,2023
2023-2,100108438,2023
2023-2,100108493,2023
2023-2,100108638,2023
2023-2,100108650,2023
2023-2,100108668,2023
2023-2,100108672,2023
2023-2,100108694,2023
2023-2,100108716,2023
2023-2,100108849,2023
2023-2,100109225,2023
2023-2,100109295,2023
2023-2,100109449,2023
2023-2,100109587,2023
2023-2,100109596,2023
2023-2,100109707,2023
2023-2,100109757,2023
2023-2,100109860,2023
2023-2,100109864,2023
2023-2,100109933,2023
2023-2,100110060,2023
2023-2,100110121,2023
2023-2,100110123,2023
2023-2,100110135,2023
2023-2,100110163,2023
2023-2,100110171,2023
2023-2,100110230,2023
2023-2,100110266,2023
2023-2,100110312,2023
2023-2,100110486,2023
2023-2,100110488,2023
2023-2,100110603,2023
2023-2,100110608,2023
2023-2,100110689,2023
2023-2,100110692,2023
2023-2,100110704,2023
2023-2,100110717,2023
2023-2,100110736,2023
2023-2,100110753,2023
2023-2,100110796,2023
2023-2,100110968,2023
2023-2,100110975,2023
2023-2,100111010,2023
2023-2,100111014,2023
2023-2,100111143,2023
2023-2,100111187,2023
2023-2,100111203,2023
2023-2,100111244,2023
2023-2,100111334,2023
2023-2,100111350,2023
2023-2,100111459,2023
2023-2,100111466,2023
2023-2,100111508,2023
2023-2,100111556,2023
2023-2,100111560,2023
2023-2,100111608,2023
2023-2,100111720,2023
2023-2,100111743,2023
2023-2,100111765,2023
2023-2,100111767,2023
2023-2,100111773,2023
2023-2,100111784,2023
2023-2,100111815,2023
2023-2,100112025,2023
2023-2,100112043,2023
2023-2,100112075,2023
2023-2,100112215,2023
2023-2,100112242,2023
2023-2,100112287,2023
2023-2,100112508,2023
2023-2,100112539,2023
2023-2,100112580,2023
2023-2,100112607,2023
2023-2,100112648,2023
2023-2,100112675,2023
2023-2,100112699,2023
2023-2,100112700,2023
2023-2,100112726,2023
2023-2,100112733,2023
2023-2,100112762,2023
2023-2,100112772,2023
2023-2,100112861,2023
2023-2,100112886,2023
2023-2,100112902,2023
2023-2,100112960,2023
2023-2,100112964,2023
2023-2,100112971,2023
2023-2,100113073,2023
2023-2,100113087,2023
2023-2,100113299,2023
2023-2,100113308,2023
2023-2,100113324,2023
2023-2,100113374,2023
2023-2,100113462,2023
2023-2,100113467,2023
2023-2,100113497,2023
2023-2,100113519,2023
2023-2,100113591,2023
2023-2,100113663,2023
2023-2,100113719,2023
2023-2,100113725,2023
2023-2,100113828,2023
2023-2,100113910,2023
2023-2,100113941,2023
2023-2,100113942,2023
2023-2,100113945,2023
2023-2,100113967,2023
2023-2,100113980,2023
2023-2,100114008,2023
2023-2,100114038,2023
2023-2,100114042,2023
2023-2,100114119,2023
2023-2,100114185,2023
2023-2,100114209,2023
2023-2,100114271,2023
2023-2,100114286,2023
2023-2,100114327,2023
2023-2,100114341,2023
2023-2,100114362,2023
2023-2,100114370,2023
2023-2,100114386,2023
2023-2,100114405,2023
2023-2,100114417,2023
2023-2,100114435,2023
2023-2,100114516,2023
2023-2,100114518,2023
2023-2,100114529,2023
2023-2,100114723,2023
2023-2,100114766,2023
2023-2,100114801,2023
2023-2,100114802,2023
2023-2,100114845,2023
2023-2,100114884,2023
2023-2,100114931,2023
2023-2,100115072,2023
2023-2,100115084,2023
2023-2,100115144,2023
2023-2,100115259,2023
2023-2,100115260,2023
2023-2,100115272,2023
2023-2,100115362,2023
2023-2,100115372,2023
2023-2,100115414,2023
2023-2,100115432,2023
2023-2,100115444,2023
2023-2,100115537,2023
2023-2,100115640,2023
2023-2,100115656,2023
2023-2,100115661,2023
2023-2,100115683,2023
2023-2,100115757,2023
2023-2,100115826,2023
2023-2,100115954,2023
2023-2,100115976,2023
2023-2,100116176,2023
2023-2,100116267,2023
2023-2,100116399,2023
2023-2,100116441,2023
2023-2,100116476,2023
2023-2,100116488,2023
2023-2,100116492,2023
2023-2,100116516,2023
2023-2,100116528,2023
2023-2,100116532,2023
2023-2,100116607,2023
2023-2,100116679,2023
2023-2,100116762,2023
2023-2,100116828,2023
2023-2,100116885,2023
2023-2,100117046,2023
2023-2,100117184,2023
2023-2,100117522,2023
2023-2,100117686,2023
2023-2,100117698,2023
2023-2,100117720,2023
2023-2,100117779,2023
2023-2,100117809,2023
2023-2,100117841,2023
2023-2,100117842,2023
2023-2,100117857,2023
2023-2,100117937,2023
2023-2,100117939,2023
2023-2,100117940,2023
2023-2,100117942,2023
2023-2,100117967,2023
2023-2,100117984,2023
2023-2,100117990,2023
2023-2,100117993,2023
2023-2,100117997,2023
2023-2,100118001,2023
2023-2,100118037,2023
2023-2,100118067,2023
2023-2,100118136,2023
2023-2,100118242,2023
2023-2,100118245,2023
2023-2,100118277,2023
2023-2,100118284,2023
2023-2,100118290,2023
2023-2,100118301,2023
2023-2,100118329,2023
2023-2,100118341,2023
2023-2,100118394,2023
2023-2,100118397,2023
2023-2,100118415,2023
2023-2,100118475,2023
2023-2,100118498,2023
2023-2,100118528,2023
2023-2,100118536,2023
2023-2,100118547,2023
2023-2,100118603,2023
2023-2,100118622,2023
2023-2,100118734,2023
2023-2,100118854,2023
2023-2,100118871,2023
2023-2,100118982,2023
2023-2,100119258,2023
2023-2,100119393,2023
2023-2,100119487,2023
2023-2,100119539,2023
2023-2,100119581,2023
2023-2,100119628,2023
2023-2,100119753,2023
2023-2,100119770,2023
2023-2,100119855,2023
2023-2,100119900,2023
2023-2,100119921,2023
2023-2,100119980,2023
2023-2,100120113,2023
2023-2,100120121,2023
2023-2,100120166,2023
2023-2,100120212,2023
2023-2,100120267,2023
2023-2,100120321,2023
2023-2,100120411,2023
2023-2,100120444,2023
2023-2,100120493,2023
2023-2,100120495,2023
2023-2,100120512,2023
2023-2,100120631,2023
2023-2,100120652,2023
2023-2,100120663,2023
2023-2,100120704,2023
2023-2,100120840,2023
2023-2,100120916,2023
2023-2,100120947,2023
2023-2,100121012,2023
2023-2,100121039,2023
2023-2,100121197,2023
2023-2,100121270,2023
2023-2,100121281,2023
2023-2,100121303,2023
2023-2,100121306,2023
2023-2,100121310,2023
2023-2,100121312,2023
2023-2,100121314,2023
2023-2,100121318,2023
2023-2,100121328,2023
2023-2,100121425,2023
2023-2,100121427,2023
2023-2,100121446,2023
2023-2,100121484,2023
2023-2,100121497,2023
2023-2,100121531,2023
2023-2,100121569,2023
2023-2,100121614,2023
2023-2,100121616,2023
2023-2,100121635,2023
2023-2,100121658,2023
2023-2,100121706,2023
2023-2,100121748,2023
2023-2,100121753,2023
2023-2,100121755,2023
2023-2,100121804,2023
2023-2,100121814,2023
2023-2,100121818,2023
2023-2,100121840,2023
2023-2,100121958,2023
2023-2,100121999,2023
2023-2,100122074,2023
2023-2,100122089,2023
2023-2,100122157,2023
2023-2,100122201,2023
2023-2,100122257,2023
2023-2,100122384,2023
2023-2,100122442,2023
2023-2,100122480,2023
2023-2,100122481,2023
2023-2,100122485,2023
2023-2,100122491,2023
2023-2,100122508,2023
2023-2,100122564,2023
2023-2,100122667,2023
2023-2,100122714,2023
2023-2,100122782,2023
2023-2,100122783,2023
2023-2,100122787,2023
2023-2,100122792,2023
2023-2,100122799,2023
2023-2,100122816,2023
2023-2,100122834,2023
2023-2,100122894,2023
2023-2,100122903,2023
2023-2,100123049,2023
2023-2,100123051,2023
2023-2,100123092,2023
2023-2,100123126,2023
2023-2,100123130,2023
2023-2,100123152,2023
2023-2,100123175,2023
2023-2,100123434,2023
2023-2,100123476,2023
2023-2,100123492,2023
2023-2,100123528,2023
2023-2,100123545,2023
2023-2,100123559,2023
2023-2,100123564,2023
2023-2,100123568,2023
2023-2,100123600,2023
2023-2,100123750,2023
2023-2,100123843,2023
2023-2,100123849,2023
2023-2,100123854,2023
2023-2,100123856,2023
2023-2,100123975,2023
2023-2,100124003,2023
2023-2,100124021,2023
2023-2,100124043,2023
2023-2,100124047,2023
2023-2,100124052,2023
2023-2,100124064,2023
2023-2,100124119,2023
2023-2,100124138,2023
2023-2,100124183,2023
2023-2,100124265,2023
2023-2,100124288,2023
2023-2,100124335,2023
2023-2,100124493,2023
2023-2,100124499,2023
2023-2,100124580,2023
2023-2,100124593,2023
2023-2,100124676,2023
2023-2,100124678,2023
2023-2,100124688,2023
2023-2,100124732,2023
2023-2,100124733,2023
2023-2,100124758,2023
2023-2,100124871,2023
2023-2,100124885,2023
2023-2,100124921,2023
2023-2,100124964,2023
2023-2,100125004,2023
2023-2,100125009,2023
2023-2,100125027,2023
2023-2,100125058,2023
2023-2,100125060,2023
2023-2,100125159,2023
2023-2,100125259,2023
2023-2,100125273,2023
2023-2,100125282,2023
2023-2,100125290,2023
2023-2,100125412,2023
2023-2,100125471,2023
2023-2,100125541,2023
2023-2,100125602,2023
2023-2,100125758,2023
2023-2,100125792,2023
2023-2,100125895,2023
2023-2,100125975,2023
2023-2,100125985,2023
2023-2,100126109,2023
2023-2,100126112,2023
2023-2,100126200,2023
2023-2,100126210,2023
2023-2,100126213,2023
2023-2,100126215,2023
2023-2,100126223,2023
2023-2,100126262,2023
2023-2,100126319,2023
2023-2,100126391,2023
2023-2,100126458,2023
2023-2,100126480,2023
2023-2,100126551,2023
2023-2,100126613,2023
2023-2,100126641,2023
2023-2,100126655,2023
2023-2,100126677,2023
2023-2,100126684,2023
2023-2,100126686,2023
2023-2,100126695,2023
2023-2,100126726,2023
2023-2,100126730,2023
2023-2,100126766,2023
2023-2,100126769,2023
2023-2,100126793,2023
2023-2,100126803,2023
2023-2,100126805,2023
2023-2,100126822,2023
2023-2,100126849,2023
2023-2,100126891,2023
2023-2,100126901,2023
2023-2,100126922,2023
2023-2,100126966,2023
2023-2,100126970,2023
2023-2,100126985,2023
2023-2,100127059,2023
2023-2,100127062,2023
2023-2,100127082,2023
2023-2,100127228,2023
2023-2,100127301,2023
2023-2,100127350,2023
2023-2,100127351,2023
2023-2,100127356,2023
2023-2,100127359,2023
2023-2,100127362,2023
2023-2,100127387,2023
2023-2,100127411,2023
2023-2,100127422,2023
2023-2,100127435,2023
2023-2,100127467,2023
2023-2,100127536,2023
2023-2,100127581,2023
2023-2,100127595,2023
2023-2,100127603,2023
2023-2,100127620,2023
2023-2,100127652,2023
2023-2,100127669,2023
2023-2,100127724,2023
2023-2,100127811,2023
2023-2,100127889,2023
2023-2,100127948,2023
2023-2,100127956,2023
2023-2,100127996,2023
2023-2,100128012,2023
2023-2,100128033,2023
2023-2,100128053,2023
2023-2,100128181,2023
2023-2,100128228,2023
2023-2,100128345,2023
2023-2,100128352,2023
2023-2,100128360,2023
2023-2,100128365,2023
2023-2,100128378,2023
2023-2,100128446,2023
2023-2,100128479,2023
2023-2,100128503,2023
2023-2,100128511,2023
2023-2,100128531,2023
2023-2,100128574,2023
2023-2,100128590,2023
2023-2,100128643,2023
2023-2,100128701,2023
2023-2,100128758,2023
2023-2,100128797,2023
2023-2,100128799,2023
2023-2,100128837,2023
2023-2,100128945,2023
2023-2,100128973,2023
2023-2,100128974,2023
2023-2,100128988,2023
2023-2,100128994,2023
2023-2,100128995,2023
2023-2,100129006,2023
2023-2,100129025,2023
2023-2,100129029,2023
2023-2,100129061,2023
2023-2,100129064,2023
2023-2,100129068,2023
2023-2,100129074,2023
2023-2,100129077,2023
2023-2,100129078,2023
2023-2,100129113,2023
2023-2,100129123,2023
2023-2,100129125,2023
2023-2,100129147,2023
2023-2,100129151,2023
2023-2,100129171,2023
2023-2,100129177,2023
2023-2,100129186,2023
2023-2,100129195,2023
2023-2,100129199,2023
2023-2,100129227,2023
2023-2,100129257,2023
2023-2,100129272,2023
2023-2,100129278,2023
2023-2,100129292,2023
2023-2,100129351,2023
2023-2,100129360,2023
2023-2,100129417,2023
2023-2,100129426,2023
2023-2,100129439,2023
2023-2,100129441,2023
2023-2,100129488,2023
2023-2,100129616,2023
2023-2,100129650,2023
2023-2,100129661,2023
2023-2,100129672,2023
2023-2,100129811,2023
2023-2,100129839,2023
2023-2,100129905,2023
2023-2,100129914,2023
2023-2,100129936,2023
2023-2,100129950,2023
2023-2,100129999,2023
2023-2,100130011,2023
2023-2,100130069,2023
2023-2,100130093,2023
2023-2,100130096,2023
2023-2,100130103,2023
2023-2,100130105,2023
2023-2,100130110,2023
2023-2,100130127,2023
2023-2,100130143,2023
2023-2,100130171,2023
2023-2,100130182,2023
2023-2,100130201,2023
2023-2,100130217,2023
2023-2,100130272,2023
2023-2,100130274,2023
2023-2,100130366,2023
2023-2,100130367,2023
2023-2,100130369,2023
2023-2,100130389,2023
2023-2,100130440,2023
2023-2,100130459,2023
2023-2,100130469,2023
2023-2,100130474,2023
2023-2,100130490,2023
2023-2,100130494,2023
2023-2,100130537,2023
2023-2,100130573,2023
2023-2,100130576,2023
2023-2,100130589,2023
2023-2,100130600,2023
2023-2,100130665,2023
2023-2,100130668,2023
2023-2,100130674,2023
2023-2,100130708,2023
2023-2,100130713,2023
2023-2,100130718,2023
2023-2,100130728,2023
2023-2,100130729,2023
2023-2,100130759,2023
2023-2,100130768,2023
2023-2,100130813,2023
2023-2,100130820,2023
2023-2,100130829,2023
2023-2,100130876,2023
2023-2,100130894,2023
2023-2,100130903,2023
2023-2,100130918,2023
2023-2,100130922,2023
2023-2,100130926,2023
2023-2,100130968,2023
2023-2,100130973,2023
2023-2,100131012,2023
2023-2,100131059,2023
2023-2,100131073,2023
2023-2,100131085,2023
2023-2,100131093,2023
2023-2,100131124,2023
2023-2,100131146,2023
2023-2,100131153,2023
2023-2,100131167,2023
2023-2,100131170,2023
2023-2,100131186,2023
2023-2,100131188,2023
2023-2,100131189,2023
2023-2,100131207,2023
2023-2,100131225,2023
2023-2,100131255,2023
2023-2,100131270,2023
2023-2,100131304,2023
2023-2,100131326,2023
2023-2,100131331,2023
2023-2,100131339,2023
2023-2,100131362,2023
2023-2,100131409,2023
2023-2,100131412,2023
2023-2,100131442,2023
2023-2,100131447,2023
2023-2,100131484,2023
2023-2,100131489,2023
2023-2,100131510,2023
2023-2,100131528,2023
2023-2,100131529,2023
2023-2,100131588,2023
2023-2,100131594,2023
2023-2,100131595,2023
2023-2,100131649,2023
2023-2,100131651,2023
2023-2,100131657,2023
2023-2,100131706,2023
2023-2,100131761,2023
2023-2,100131801,2023
2023-2,100131889,2023
2023-2,100131934,2023
2023-2,100131937,2023
2023-2,100131938,2023
2023-2,100131955,2023
2023-2,100131966,2023
2023-2,100131976,2023
2023-2,100132008,2023
2023-2,100132010,2023
2023-2,100132011,2023
2023-2,100132051,2023
2023-2,100132080,2023
2023-2,100132087,2023
2023-2,100132096,2023
2023-2,100132176,2023
2023-2,100132179,2023
2023-2,100132182,2023
2023-2,100132190,2023
2023-2,100132202,2023
2023-2,100132208,2023
2023-2,100132215,2023
2023-2,100132221,2023
2023-2,100132223,2023
2023-2,100132268,2023
2023-2,100132286,2023
2023-2,100132352,2023
2023-2,100132396,2023
2023-2,100132403,2023
2023-2,100132407,2023
2023-2,100132452,2023
2023-2,100132458,2023
2023-2,100132484,2023
2023-2,100132516,2023
2023-2,100132518,2023
2023-2,100132563,2023
2023-2,100132567,2023
2023-2,100132579,2023
2023-2,100132620,2023
2023-2,100132621,2023
2023-2,100132628,2023
2023-2,100132638,2023
2023-2,100132651,2023
2023-2,100132657,2023
2023-2,100132665,2023
2023-2,100132682,2023
2023-2,100132705,2023
2023-2,100132708,2023
2023-2,100132709,2023
2023-2,100132783,2023
2023-2,100132792,2023
2023-2,100132793,2023
2023-2,100132827,2023
2023-2,100132847,2023
2023-2,100132952,2023
2023-2,100132954,2023
2023-2,100132961,2023
2023-2,100132962,2023
2023-2,100132984,2023
2023-2,100132989,2023
2023-2,100132994,2023
2023-2,100132995,2023
2023-2,100133001,2023
2023-2,100133011,2023
2023-2,100133032,2023
2023-2,100133094,2023
2023-2,100133123,2023
2023-2,100133128,2023
2023-2,100133139,2023
2023-2,100133144,2023
2023-2,100133152,2023
2023-2,100133209,2023
2023-2,100133224,2023
2023-2,100133246,2023
2023-2,100133263,2023
2023-2,100133302,2023
2023-2,100133334,2023
2023-2,100133344,2023
2023-2,100133348,2023
2023-2,100133375,2023
2023-2,100133398,2023
2023-2,100133403,2023
2023-2,100133411,2023
2023-2,100133422,2023
2023-2,100133430,2023
2023-2,100133447,2023
2023-2,100133474,2023
2023-2,100133489,2023
2023-2,100133494,2023
2023-2,100133532,2023
2023-2,100133573,2023
2023-2,100133647,2023
2023-2,100133651,2023
2023-2,100133674,2023
2023-2,100133728,2023
2023-2,100133767,2023
2023-2,100133770,2023
2023-2,100133784,2023
2023-2,100133810,2023
2023-2,100133824,2023
2023-2,100133850,2023
2023-2,100133853,2023
2023-2,100133859,2023
2023-2,100133884,2023
2023-2,100133912,2023
2023-2,100133984,2023
2023-2,100133995,2023
2023-2,100134036,2023
2023-2,100134037,2023
2023-2,100134083,2023
2023-2,100134106,2023
2023-2,100134109,2023
2023-2,100134112,2023
2023-2,100134153,2023
2023-2,100134225,2023
2023-2,100134226,2023
2023-2,100134227,2023
2023-2,100134236,2023
2023-2,100134369,2023
2023-2,100134386,2023
2023-2,100134392,2023
2023-2,100134427,2023
2023-2,100134452,2023
2023-2,100134473,2023
2023-2,100134478,2023
2023-2,100134480,2023
2023-2,100134481,2023
2023-2,100134488,2023
2023-2,100134520,2023
2023-2,100134525,2023
2023-2,100134625,2023
2023-2,100134628,2023
2023-2,100134638,2023
2023-2,100134650,2023
2023-2,100134658,2023
2023-2,100134664,2023
2023-2,100134696,2023
2023-2,100134697,2023
2023-2,100134703,2023
2023-2,100134722,2023
2023-2,100134725,2023
2023-2,100134735,2023
2023-2,100134736,2023
2023-2,100134796,2023
2023-2,100134797,2023
2023-2,100134826,2023
2023-2,100134833,2023
2023-2,100134842,2023
2023-2,100134846,2023
2023-2,100134858,2023
2023-2,100134889,2023
2023-2,100134906,2023
2023-2,100134909,2023
2023-2,100134910,2023
2023-2,100134917,2023
2023-2,100134932,2023
2023-2,100134971,2023
2023-2,100134991,2023
2023-2,100135009,2023
2023-2,100135016,2023
2023-2,100135017,2023
2023-2,100135047,2023
2023-2,100135110,2023
2023-2,100135138,2023
2023-2,100135162,2023
2023-2,100135196,2023
2023-2,100135223,2023
2023-2,100135228,2023
2023-2,100135296,2023
2023-2,100135302,2023
2023-2,100135306,2023
2023-2,100135323,2023
2023-2,100135359,2023
2023-2,100135394,2023
2023-2,100135403,2023
2023-2,100135430,2023
2023-2,100135486,2023
2023-2,100135496,2023
2023-2,100135506,2023
2023-2,100135526,2023
2023-2,100135528,2023
2023-2,100135586,2023
2023-2,100135598,2023
2023-2,100135602,2023
2023-2,100135679,2023
2023-2,100135711,2023
2023-2,100135738,2023
2023-2,100135745,2023
2023-2,100135840,2023
2023-2,100135849,2023
2023-2,100135855,2023
2023-2,100135870,2023
2023-2,100135881,2023
2023-2,100135906,2023
2023-2,100135912,2023
2023-2,100135958,2023
2023-2,100135970,2023
2023-2,100135974,2023
2023-2,100135981,2023
2023-2,100136043,2023
2023-2,100136086,2023
2023-2,100136096,2023
2023-2,100136109,2023
2023-2,100136142,2023
2023-2,100136145,2023
2023-2,100136159,2023
2023-2,100136170,2023
2023-2,100136174,2023
2023-2,100136186,2023
2023-2,100136193,2023
2023-2,100136256,2023
2023-2,100136265,2023
2023-2,100136269,2023
2023-2,100136278,2023
2023-2,100136304,2023
2023-2,100136342,2023
2023-2,100136370,2023
2023-2,100136397,2023
2023-2,100136438,2023
2023-2,100136452,2023
2023-2,100136456,2023
2023-2,100136472,2023
2023-2,100136473,2023
2023-2,100136476,2023
2023-2,100136550,2023
2023-2,100136552,2023
2023-2,100136562,2023
2023-2,100136575,2023
2023-2,100136584,2023
2023-2,100136596,2023
2023-2,100136606,2023
2023-2,100136608,2023
2023-2,100136615,2023
2023-2,100136645,2023
2023-2,100136686,2023
2023-2,100136687,2023
2023-2,100136723,2023
2023-2,100136762,2023
2023-2,100136765,2023
2023-2,100136772,2023
2023-2,100136781,2023
2023-2,100136787,2023
2023-2,100136792,2023
2023-2,100136810,2023
2023-2,100136845,2023
2023-2,100136895,2023
2023-2,100136921,2023
2023-2,100136959,2023
2023-2,100137005,2023
2023-2,100137037,2023
2023-2,100137045,2023
2023-2,100137047,2023
2023-2,100137072,2023
2023-2,100137074,2023
2023-2,100137081,2023
2023-2,100137105,2023
2023-2,100137108,2023
2023-2,100137126,2023
2023-2,100137150,2023
2023-2,100137223,2023
2023-2,100137237,2023
2023-2,100137250,2023
2023-2,100137257,2023
2023-2,100137294,2023
2023-2,100137299,2023
2023-2,100137316,2023
2023-2,100137321,2023
2023-2,100137359,2023
2023-2,100137398,2023
2023-2,100137411,2023
2023-2,100137432,2023
2023-2,100137466,2023
2023-2,100137470,2023
2023-2,100137471,2023
2023-2,100137472,2023
2023-2,100137480,2023
2023-2,100137485,2023
2023-2,100137515,2023
2023-2,100137562,2023
2023-2,100137574,2023
2023-2,100137578,2023
2023-2,100137586,2023
2023-2,100137605,2023
2023-2,100137750,2023
2023-2,100137770,2023
2023-2,100137779,2023
2023-2,100137797,2023
2023-2,100137824,2023
2023-2,100137828,2023
2023-2,100137830,2023
2023-2,100137855,2023
2023-2,100137923,2023
2023-2,100137974,2023
2023-2,100137979,2023
2023-2,100138004,2023
2023-2,100138013,2023
2023-2,100138037,2023
2023-2,100138056,2023
2023-2,100138087,2023
2023-2,100138153,2023
2023-2,100138155,2023
2023-2,100138158,2023
2023-2,100138185,2023
2023-2,100138268,2023
2023-2,100138270,2023
2023-2,100138272,2023
2023-2,100138282,2023
2023-2,100138283,2023
2023-2,100138284,2023
2023-2,100138320,2023
2023-2,100138332,2023
2023-2,100138362,2023
2023-2,100138395,2023
2023-2,100138401,2023
2023-2,100138415,2023
2023-2,100138431,2023
2023-2,100138439,2023
2023-2,100138445,2023
2023-2,100138454,2023
2023-2,100138472,2023
2023-2,100138498,2023
2023-2,100138505,2023
2023-2,100138524,2023
2023-2,100138530,2023
2023-2,100138549,2023
2023-2,100138552,2023
2023-2,100138553,2023
2023-2,100138555,2023
2023-2,100138560,2023
2023-2,100138591,2023
2023-2,100138628,2023
2023-2,100138631,2023
2023-2,100138636,2023
2023-2,100138644,2023
2023-2,100138698,2023
2023-2,100138762,2023
2023-2,100138767,2023
2023-2,100138797,2023
2023-2,100138798,2023
2023-2,100138799,2023
2023-2,100138820,2023
2023-2,100138832,2023
2023-2,100138847,2023
2023-2,100138873,2023
2023-2,100138932,2023
2023-2,100138975,2023
2023-2,100138989,2023
2023-2,100139030,2023
2023-2,100139083,2023
2023-2,100139102,2023
2023-2,100139108,2023
2023-2,100139160,2023
2023-2,100139195,2023
2023-2,100139236,2023
2023-2,100139238,2023
2023-2,100139257,2023
2023-2,100139286,2023
2023-2,100139291,2023
2023-2,100139317,2023
2023-2,100139352,2023
2023-2,100139354,2023
2023-2,100139361,2023
2023-2,100139398,2023
2023-2,100139408,2023
2023-2,100139421,2023
2023-2,100139465,2023
2023-2,100139479,2023
2023-2,100139508,2023
2023-2,100139538,2023
2023-2,100139562,2023
2023-2,100139605,2023
2023-2,100139607,2023
2023-2,100139628,2023
2023-2,100139630,2023
2023-2,100139902,2023
2023-2,100139949,2023
2023-2,100139969,2023
2023-2,100139993,2023
2023-2,100140009,2023
2023-2,100140035,2023
2023-2,100140039,2023
2023-2,100140047,2023
2023-2,100140065,2023
2023-2,100140079,2023
2023-2,100140212,2023
2023-2,100140232,2023
2023-2,100140303,2023
2023-2,100140323,2023
2023-2,100140418,2023
2023-2,100140474,2023
2023-2,100140485,2023
2023-2,100140539,2023
2023-2,100140551,2023
2023-2,100140582,2023
2023-2,100140595,2023
2023-2,100140614,2023
2023-2,100140616,2023
2023-2,100140627,2023
2023-2,100140664,2023
2023-2,100140768,2023
2023-2,100140791,2023
2023-2,100140800,2023
2023-2,100140809,2023
2023-2,100140942,2023
2023-2,100140955,2023
2023-2,100140984,2023
2023-2,100140993,2023
2023-2,100140994,2023
2023-2,100140995,2023
2023-2,100140996,2023
2023-2,100140998,2023
2023-2,100141037,2023
2023-2,100141052,2023
2023-2,100141054,2023
2023-2,100141055,2023
2023-2,100141064,2023
2023-2,100141093,2023
2023-2,100141152,2023
2023-2,100141168,2023
2023-2,100141199,2023
2023-2,100141227,2023
2023-2,100141253,2023
2023-2,100141272,2023
2023-2,100141309,2023
2023-2,100141373,2023
2023-2,100141406,2023
2023-2,100141410,2023
2023-2,100141426,2023
2023-2,100141442,2023
2023-2,100141443,2023
2023-2,100141447,2023
2023-2,100141488,2023
2023-2,100141490,2023
2023-2,100141504,2023
2023-2,100141520,2023
2023-2,100141525,2023
2023-2,100141526,2023
2023-2,100141534,2023
2023-2,100141561,2023
2023-2,100141582,2023
2023-2,100141595,2023
2023-2,100141654,2023
2023-2,100141709,2023
2023-2,100141717,2023
2023-2,100141726,2023
2023-2,100141729,2023
2023-2,100141744,2023
2023-2,100141852,2023
2023-2,100141894,2023
2023-2,100141914,2023
2023-2,100141917,2023
2023-2,100141934,2023
2023-2,100141957,2023
2023-2,100141980,2023
2023-2,100141986,2023
2023-2,100142011,2023
2023-2,100142137,2023
2023-2,100142144,2023
2023-2,100142187,2023
2023-2,100142230,2023
2023-2,100142241,2023
2023-2,100142333,2023
2023-2,100142350,2023
2023-2,100142356,2023
2023-2,100142361,2023
2023-2,100142362,2023
2023-2,100142369,2023
2023-2,100142374,2023
2023-2,100142390,2023
2023-2,100142401,2023
2023-2,100142446,2023
2023-2,180000113,2023
2023-2,180000140,2023
2023-2,180000264,2023
2023-2,180000310,2023
2023-2,180000311,2023
2023-2,180000324,2023
2023-2,180000472,2023
2023-2,180000560,2023
2023-2,180000566,2023
2023-2,180000571,2023
2023-2,180000583,2023
2023-2,180000599,2023
2023-2,180000642,2023
2023-2,180000672,2023
2023-2,180000726,2023
2023-2,180000782,2023
2023-2,180000937,2023
2023-2,180000975,2023
2023-2,180001017,2023
2023-2,180001025,2023
2023-2,180001032,2023
2023-2,180001034,2023
2023-2,180001045,2023
2023-2,180001049,2023
2023-2,180001056,2023
2023-2,180001076,2023
2023-2,180001093,2023
2023-2,180001102,2023
2023-2,180001116,2023
2023-2,180001126,2023
2023-2,180001149,2023
2023-2,180001159,2023
2023-2,180001162,2023
2023-2,180001165,2023
2023-2,180001166,2023
2023-2,180001170,2023
2023-2,180001177,2023
2023-2,180001182,2023
2023-2,180001184,2023
2023-2,180001185,2023
2023-2,180001200,2023
2023-2,180001201,2023
2023-2,180001202,2023
2023-2,180001205,2023
2023-2,180001209,2023
2023-2,180001216,2023
2023-2,180001217,2023
2023-2,180001227,2023
2023-2,180001228,2023
2023-2,180001229,2023
2023-2,180001236,2023
2023-2,180001237,2023
2023-2,180001238,2023
2023-2,180001240,2023
2023-2,180001247,2023
2023-2,4200000077,2023
2023-2,4200710473,2023
2023-2,4200810288,2023
2023-2,4201010209,2023
2023-2,4201010528,2023
